equipment,avg_profit_margin,profit_margin_std,avg_wind_waste,event_count,reliability_score
sprayer-z,0.5902602748648649,0.09283719618323964,4.968461273150685,148,0.5401172991973215
sprayer-y,0.4693366128125,0.19600270757863808,6.164701830434782,96,0.39242102868035583
sprayer-x,0.22902312122960228,0.26672526683521,9.025919043888889,176,0.18079936291299714
