equipment,avg_profit_margin,profit_margin_std,avg_wind_waste,event_count,reliability_score
sprayer-y,0.4470258650574468,0.1664339369590951,5.394821158536585,141,0.38324147720088436
sprayer-x,0.4435171405443066,0.18884987814118445,5.123960920930233,137,0.3730640417255741
sprayer-z,0.43360985731496066,0.1877699212788848,5.30517163113253,127,0.3650621635948553
