crop,optimal_dosage_l_per_ha,median_yield_delta,median_profit_margin,dosage_std
barley,1.2122374,-2817.98125,0.365165175,0.5088194272331487
corn,1.1135285499999998,-4280.942150000001,0.5241979999999999,0.5143843667856329
soy,1.2077886,393.79334,0.6767316299999999,0.5934951270979265
wheat,1.1410360499999999,-3312.7438,0.45575259,0.6289249143764598
