crop,optimal_dosage_l_per_ha,median_yield_delta,median_profit_margin,dosage_std
barley,1.2820508,-2821.0631000000003,0.365583465,0.31751081382967006
corn,1.131757,-4638.8207,0.476665125,0.3318765510179457
soy,1.1689851,-151.662235,0.6255977500000001,0.3514568821892071
wheat,1.25059715,-3585.882,0.41101068,0.37836604323430045
